[
    {
        "index": "01",
        "name": "Binary2Decimal",
        "code": "https://github.com/AyushSaini00/60minuteJavaScript/tree/main/Binary2Decimal"
    },
    {
        "index": "02",
        "name": "Weather-app",
        "code": "https://github.com/AyushSaini00/60minuteJavaScript/tree/main/Weather-app"
    },
    {
        "index": "03",
        "name": "stopwatch",
        "code": "https://github.com/AyushSaini00/60minuteJavaScript/tree/main/stopwatch"
    },
    {
        "index": "04",
        "name": "countdown",
        "code": "https://github.com/AyushSaini00/60minuteJavaScript/tree/main/countdown"
    },
    {
        "index": "05",
        "name": "Random-Color-Generator",
        "code": "https://github.com/AyushSaini00/60minuteJavaScript/tree/main/Random-Color-Generator"
    },
    {
        "index": "06",
        "name": "Analog-clock",
        "code": "https://github.com/AyushSaini00/60minuteJavaScript/tree/main/Analog-clock"
    },
    {
        "index": "07",
        "name": "Tip-Calculator",
        "code": "https://github.com/AyushSaini00/60minuteJavaScript/tree/main/Tip-Calculator"
    },
    {
        "index": "08",
        "name": "BMI-Calculator",
        "code": "https://github.com/AyushSaini00/60minuteJavaScript/tree/main/BMI-Calculator"
    },
    {
        "index": "09",
        "name": "Speed-Reader",
        "code": "https://github.com/AyushSaini00/60minuteJavaScript/tree/main/Speed-Reader"
    },
    {
        "index": "10",
        "name": "Box-Shadow-Generator",
        "code": "https://github.com/AyushSaini00/60minuteJavaScript/tree/main/Box-Shadow-Generator"
    },
    {
        "index": "11",
        "name": "Password-Generator",
        "code": "https://github.com/AyushSaini00/60minuteJavaScript/tree/main/Password-Generator"
    },
    {
        "index": "12",
        "name": "Random-Linear-Gradient",
        "code": "https://github.com/AyushSaini00/60minuteJavaScript/tree/main/Random-Linear-Gradient"
    },
    {
        "index": "13",
        "name": "Quotes-Generator",
        "code": "https://github.com/AyushSaini00/60minuteJavaScript/tree/main/Quotes-Generator"
    },
    {
        "index": "14",
        "name": "HTML-Canvas",
        "code": "https://github.com/AyushSaini00/60minuteJavaScript/tree/main/HTML-Canvas"
    },
    {
        "index": "15",
        "name": "Age-Calculator",
        "code": "https://github.com/AyushSaini00/60minuteJavaScript/tree/main/Age-Calculator"
    },
    {
        "index": "16",
        "name": "Form-Validation",
        "code": "https://github.com/AyushSaini00/60minuteJavaScript/tree/main/Form-Validation"
    },
    {
        "index": "17",
        "name": "Todo-List",
        "code": "https://github.com/AyushSaini00/60minuteJavaScript/tree/main/Todo-List"
    },
    {
        "index": "18",
        "name": "Calculator",
        "code": "https://github.com/AyushSaini00/60minuteJavaScript/tree/main/Calculator"
    },
    {
        "index": "19",
        "name": "Code-Music",
        "code": "https://github.com/AyushSaini00/60minuteJavaScript/tree/main/Code-Music"
    },
    {
        "index": "20",
        "name": "Pomodoro-Timer",
        "code": "https://github.com/AyushSaini00/60minuteJavaScript/tree/main/Pomodoro-Timer"
    },
    {
        "index": "21",
        "name": "Dark-Mode",
        "code": "https://github.com/AyushSaini00/60minuteJavaScript/tree/main/Dark-Mode"
    },
    {
        "index": "22",
        "name": "Currency-Converter",
        "code": "https://github.com/AyushSaini00/60minuteJavaScript/tree/main/Currency-Converter"
    },
    {
        "index": "23",
        "name": "Superhero-Card",
        "code": "https://github.com/AyushSaini00/60minuteJavaScript/tree/main/Superhero-Card"
    }
]